Range,Beat,TID,Point,Bearing (D),Long,Lat
Bhaisanghat,Adwar, KTR89,0,154,80.826850,22.155331
Bhaisanghat,Adwar, KTR89,400,154,80.828533,22.151911
Bhaisanghat,Adwar, KTR89,800,154,80.830214,22.148492
Bhaisanghat,Adwar, KTR89,1200,154,80.831894,22.145072
Bhaisanghat,Adwar, KTR89,1600,154,80.833575,22.141650
Bhaisanghat,Adwar, KTR89,2000,154,80.835258,22.138231
Bhaisanghat,Ajanpur, KTR111,0,349,80.883836,22.118511
Bhaisanghat,Ajanpur, KTR111,400,349,80.883053,22.122481
Bhaisanghat,Ajanpur, KTR111,800,349,80.882272,22.126450
Bhaisanghat,Ajanpur, KTR111,1200,349,80.881492,22.130417
Bhaisanghat,Ajanpur, KTR111,1600,349,80.880711,22.134386
Bhaisanghat,Ajanpur, KTR111,2000,349,80.879928,22.138356
Bhaisanghat,Arandi, KTR112,0,180,80.712000,22.269500
Bhaisanghat,Arandi, KTR112,400,180,80.711978,22.265883
Bhaisanghat,Arandi, KTR112,800,180,80.711956,22.262267
Bhaisanghat,Arandi, KTR112,1200,180,80.711933,22.258650
Bhaisanghat,Arandi, KTR112,1600,180,80.711911,22.255033
Bhaisanghat,Arandi, KTR112,2000,180,80.711889,22.251417
Bhaisanghat,Baijalpur, KTR101,2000,97,80.734694,22.185972
Bhaisanghat,Baijalpur, KTR101,1600,97,80.738539,22.185528
Bhaisanghat,Baijalpur, KTR101,1200,97,80.742383,22.185083
Bhaisanghat,Baijalpur, KTR101,800,97,80.746228,22.184639
Bhaisanghat,Baijalpur, KTR101,400,97,80.750072,22.184194
Bhaisanghat,Baijalpur, KTR101,0,97,80.753917,22.183750
Bhaisanghat,Balda, KTR90,0,177,80.844444,22.192833
Bhaisanghat,Balda, KTR90,400,177,80.844656,22.189250
Bhaisanghat,Balda, KTR90,800,177,80.844867,22.185667
Bhaisanghat,Balda, KTR90,1200,177,80.845078,22.182083
Bhaisanghat,Balda, KTR90,1600,177,80.845289,22.178500
Bhaisanghat,Balda, KTR90,2000,177,80.845500,22.174917
Bhaisanghat,Balgaon (B), KTR92,0,202,80.827994,22.215908
Bhaisanghat,Balgaon (B), KTR92,400,202,80.826567,22.212439
Bhaisanghat,Balgaon (B), KTR92,800,202,80.825142,22.208967
Bhaisanghat,Balgaon (B), KTR92,1200,202,80.823714,22.205497
Bhaisanghat,Balgaon (B), KTR92,1600,202,80.822289,22.202025
Bhaisanghat,Balgaon (B), KTR92,2000,202,80.820861,22.198556
Bhaisanghat,Bhoorsadadar, KTR100,0,233,80.799658,22.126997
Bhaisanghat,Bhoorsadadar, KTR100,400,233,80.796642,22.124725
Bhaisanghat,Bhoorsadadar, KTR100,800,233,80.793625,22.122453
Bhaisanghat,Bhoorsadadar, KTR100,1200,233,80.790608,22.120181
Bhaisanghat,Bhoorsadadar, KTR100,1600,233,80.787592,22.117908
Bhaisanghat,Bhoorsadadar, KTR100,2000,233,80.784575,22.115636
Bhaisanghat,Deoridadar, KTR99,0,1,80.806444,22.152064
Bhaisanghat,Deoridadar, KTR99,400,1,80.806483,22.155844
Bhaisanghat,Deoridadar, KTR99,800,1,80.806522,22.159622
Bhaisanghat,Deoridadar, KTR99,1200,1,80.806561,22.163403
Bhaisanghat,Deoridadar, KTR99,1600,1,80.806600,22.167181
Bhaisanghat,Deoridadar, KTR99,2000,1,80.806639,22.170961
Bhaisanghat,Dongaria, KTR109,0,177,80.860556,22.214944
Bhaisanghat,Dongaria, KTR109,400,177,80.860756,22.211281
Bhaisanghat,Dongaria, KTR109,800,177,80.860953,22.207617
Bhaisanghat,Dongaria, KTR109,1200,177,80.861153,22.203953
Bhaisanghat,Dongaria, KTR109,1600,177,80.861350,22.200289
Bhaisanghat,Dongaria, KTR109,2000,177,80.861550,22.196625
Bhaisanghat,Dudhania (A), KTR94,0,210,80.872250,22.146139
Bhaisanghat,Dudhania (A), KTR94,400,210,80.870328,22.142844
Bhaisanghat,Dudhania (A), KTR94,800,210,80.868406,22.139550
Bhaisanghat,Dudhania (A), KTR94,1200,210,80.866483,22.136256
Bhaisanghat,Dudhania (A), KTR94,1600,210,80.864561,22.132961
Bhaisanghat,Dudhania (A), KTR94,2000,210,80.862639,22.129667
Bhaisanghat,Dudhania (B), KTR95,0,239,80.859981,22.158156
Bhaisanghat,Dudhania (B), KTR95,400,239,80.856772,22.156206
Bhaisanghat,Dudhania (B), KTR95,800,239,80.853564,22.154256
Bhaisanghat,Dudhania (B), KTR95,1200,239,80.850356,22.152303
Bhaisanghat,Dudhania (B), KTR95,1600,239,80.847147,22.150353
Bhaisanghat,Dudhania (B), KTR95,2000,239,80.843939,22.148403
Bhaisanghat,Garhaghat, KTR97,0,21,80.775686,22.128819
Bhaisanghat,Garhaghat, KTR97,400,21,80.777011,22.132194
Bhaisanghat,Garhaghat, KTR97,800,21,80.778333,22.135569
Bhaisanghat,Garhaghat, KTR97,1200,21,80.779658,22.138944
Bhaisanghat,Garhaghat, KTR97,1600,21,80.780981,22.142319
Bhaisanghat,Garhaghat, KTR97,2000,21,80.782306,22.145694
Bhaisanghat,Garhidadar, KTR107,0,147,80.877000,22.210583
Bhaisanghat,Garhidadar, KTR107,400,147,80.879172,22.207300
Bhaisanghat,Garhidadar, KTR107,800,147,80.881344,22.204017
Bhaisanghat,Garhidadar, KTR107,1200,147,80.883517,22.200733
Bhaisanghat,Garhidadar, KTR107,1600,147,80.885689,22.197450
Bhaisanghat,Garhidadar, KTR107,2000,147,80.887861,22.194167
Bhaisanghat,Jholar, KTR93,0,27,80.834750,22.119944
Bhaisanghat,Jholar, KTR93,400,27,80.836461,22.123328
Bhaisanghat,Jholar, KTR93,800,27,80.838172,22.126711
Bhaisanghat,Jholar, KTR93,1200,27,80.839883,22.130094
Bhaisanghat,Jholar, KTR93,1600,27,80.841594,22.133478
Bhaisanghat,Jholar, KTR93,2000,27,80.843306,22.136861
Bhaisanghat,Kadla (A), KTR91,0,181,80.819300,22.191278
Bhaisanghat,Kadla (A), KTR91,400,181,80.819250,22.187700
Bhaisanghat,Kadla (A), KTR91,800,181,80.819203,22.184122
Bhaisanghat,Kadla (A), KTR91,1200,181,80.819153,22.180544
Bhaisanghat,Kadla (A), KTR91,1600,181,80.819106,22.176967
Bhaisanghat,Kadla (A), KTR91,2000,181,80.819056,22.173389
Bhaisanghat,Kadla (B), KTR151,0,1,80.831131,22.160286
Bhaisanghat,Kadla (B), KTR151,400,1,80.831219,22.163900
Bhaisanghat,Kadla (B), KTR151,800,1,80.831308,22.167514
Bhaisanghat,Kadla (B), KTR151,1200,1,80.831397,22.171128
Bhaisanghat,Kadla (B), KTR151,1600,1,80.831486,22.174742
Bhaisanghat,Kadla (B), KTR151,2000,1,80.831575,22.178356
Bhaisanghat,Katoldih (A), KTR106,0,135,80.876219,22.165147
Bhaisanghat,Katoldih (A), KTR106,400,135,80.878931,22.162425
Bhaisanghat,Katoldih (A), KTR106,800,135,80.881642,22.159703
Bhaisanghat,Katoldih (A), KTR106,1200,135,80.884353,22.156981
Bhaisanghat,Katoldih (A), KTR106,1600,135,80.887064,22.154258
Bhaisanghat,Katoldih (A), KTR106,2000,135,80.889775,22.151536
Bhaisanghat,Katoldih (B), KTR152,0,254,80.874361,22.180639
Bhaisanghat,Katoldih (B), KTR152,400,254,80.870517,22.179531
Bhaisanghat,Katoldih (B), KTR152,800,254,80.866672,22.178419
Bhaisanghat,Katoldih (B), KTR152,1200,254,80.862831,22.177311
Bhaisanghat,Katoldih (B), KTR152,1600,254,80.858986,22.176200
Bhaisanghat,Katoldih (B), KTR152,2000,254,80.855142,22.175092
Bhaisanghat,Khamodidadar, KTR108,0,173,80.900528,22.174417
Bhaisanghat,Khamodidadar, KTR108,400,173,80.900950,22.170856
Bhaisanghat,Khamodidadar, KTR108,800,173,80.901372,22.167294
Bhaisanghat,Khamodidadar, KTR108,1200,173,80.901794,22.163733
Bhaisanghat,Khamodidadar, KTR108,1600,173,80.902217,22.160172
Bhaisanghat,Khamodidadar, KTR108,2000,173,80.902639,22.156611
Bhaisanghat,Kugaon, KTR113,0,196,80.736583,22.252139
Bhaisanghat,Kugaon, KTR113,400,196,80.735594,22.248672
Bhaisanghat,Kugaon, KTR113,800,196,80.734606,22.245206
Bhaisanghat,Kugaon, KTR113,1200,196,80.733617,22.241739
Bhaisanghat,Kugaon, KTR113,1600,196,80.732628,22.238272
Bhaisanghat,Kugaon, KTR113,2000,196,80.731639,22.234806
Bhaisanghat,Mana (A), KTR102,0,190,80.795636,22.173639
Bhaisanghat,Mana (A), KTR102,400,190,80.794992,22.170111
Bhaisanghat,Mana (A), KTR102,800,190,80.794344,22.166583
Bhaisanghat,Mana (A), KTR102,1200,190,80.793700,22.163056
Bhaisanghat,Mana (A), KTR102,1600,190,80.793056,22.159528
Bhaisanghat,Mana (A), KTR102,2000,190,80.792411,22.156003
Bhaisanghat,Mana (B), KTR103,0,355,80.791972,22.176528
Bhaisanghat,Mana (B), KTR103,400,355,80.791644,22.180122
Bhaisanghat,Mana (B), KTR103,800,355,80.791317,22.183717
Bhaisanghat,Mana (B), KTR103,1200,355,80.790989,22.187311
Bhaisanghat,Mana (B), KTR103,1600,355,80.790661,22.190906
Bhaisanghat,Mana (B), KTR103,2000,355,80.790333,22.194500
Bhaisanghat,Phoolwari, KTR98,0,202,80.807628,22.143514
Bhaisanghat,Phoolwari, KTR98,400,202,80.806281,22.140131
Bhaisanghat,Phoolwari, KTR98,800,202,80.804931,22.136747
Bhaisanghat,Phoolwari, KTR98,1200,202,80.803581,22.133364
Bhaisanghat,Phoolwari, KTR98,1600,202,80.802233,22.129983
Bhaisanghat,Phoolwari, KTR98,2000,202,80.800883,22.126600
Bhaisanghat,Pongapani, KTR96,0,161,80.758528,22.162972
Bhaisanghat,Pongapani, KTR96,400,161,80.759700,22.159544
Bhaisanghat,Pongapani, KTR96,800,161,80.760872,22.156117
Bhaisanghat,Pongapani, KTR96,1200,161,80.762044,22.152689
Bhaisanghat,Pongapani, KTR96,1600,161,80.763217,22.149261
Bhaisanghat,Pongapani, KTR96,2000,161,80.764389,22.145833
Bhaisanghat,Ronda (B), KTR110,0,90,80.873306,22.190583
Bhaisanghat,Ronda (B), KTR110,400,90,80.877167,22.190594
Bhaisanghat,Ronda (B), KTR110,800,90,80.881028,22.190606
Bhaisanghat,Ronda (B), KTR110,1200,90,80.884889,22.190617
Bhaisanghat,Ronda (B), KTR110,1600,90,80.888750,22.190628
Bhaisanghat,Ronda (B), KTR110,2000,90,80.892611,22.190639
Bhaisanghat,Saraitola, KTR114,0,210,80.737700,22.215503
Bhaisanghat,Saraitola, KTR114,400,210,80.735819,22.212242
Bhaisanghat,Saraitola, KTR114,800,210,80.733939,22.208983
Bhaisanghat,Saraitola, KTR114,1200,210,80.732061,22.205722
Bhaisanghat,Saraitola, KTR114,1600,210,80.730181,22.202464
Bhaisanghat,Saraitola, KTR114,2000,210,80.728300,22.199203
Bhaisanghat,Sukdi (A), KTR104,0,105,80.893194,22.139194
Bhaisanghat,Sukdi (A), KTR104,400,105,80.896903,22.138189
Bhaisanghat,Sukdi (A), KTR104,800,105,80.900608,22.137181
Bhaisanghat,Sukdi (A), KTR104,1200,105,80.904317,22.136175
Bhaisanghat,Sukdi (A), KTR104,1600,105,80.908022,22.135169
Bhaisanghat,Sukdi (A), KTR104,2000,105,80.911731,22.134164
Bhaisanghat,Sukdi (B), KTR105,0,78,80.890239,22.146006
Bhaisanghat,Sukdi (B), KTR105,400,78,80.893981,22.146822
Bhaisanghat,Sukdi (B), KTR105,800,78,80.897722,22.147636
Bhaisanghat,Sukdi (B), KTR105,1200,78,80.901461,22.148453
Bhaisanghat,Sukdi (B), KTR105,1600,78,80.905203,22.149267
Bhaisanghat,Sukdi (B), KTR105,2000,78,80.908944,22.150083
Kanha,Bamhnidadar, KTR30,0,245,80.718472,22.222639
Kanha,Bamhnidadar, KTR30,400,245,80.715000,22.221033
Kanha,Bamhnidadar, KTR30,800,245,80.711528,22.219428
Kanha,Bamhnidadar, KTR30,1200,245,80.708056,22.217822
Kanha,Bamhnidadar, KTR30,1600,245,80.704583,22.216217
Kanha,Bamhnidadar, KTR30,2000,245,80.701111,22.214611
Kanha,Bhapsabahra, KTR41,0,135,80.611131,22.329478
Kanha,Bhapsabahra, KTR41,400,135,80.613747,22.326867
Kanha,Bhapsabahra, KTR41,800,135,80.616364,22.324256
Kanha,Bhapsabahra, KTR41,1200,135,80.618981,22.321644
Kanha,Bhapsabahra, KTR41,1600,135,80.621597,22.319033
Kanha,Bhapsabahra, KTR41,2000,135,80.624214,22.316422
Kanha,Bhoindabra, KTR35,0,138,80.667347,22.272719
Kanha,Bhoindabra, KTR35,400,138,80.669811,22.269947
Kanha,Bhoindabra, KTR35,800,138,80.672275,22.267175
Kanha,Bhoindabra, KTR35,1200,138,80.674739,22.264406
Kanha,Bhoindabra, KTR35,1600,138,80.677203,22.261633
Kanha,Bhoindabra, KTR35,2000,138,80.679667,22.258861
Kanha,Bijadadar, KTR31,0,124,80.658083,22.228361
Kanha,Bijadadar, KTR31,400,124,80.661250,22.226239
Kanha,Bijadadar, KTR31,800,124,80.664417,22.224117
Kanha,Bijadadar, KTR31,1200,124,80.667583,22.221994
Kanha,Bijadadar, KTR31,1600,124,80.670750,22.219872
Kanha,Bijadadar, KTR31,2000,124,80.673917,22.217750
Kanha,Deotalai, KTR39,0,138,80.689000,22.296611
Kanha,Deotalai, KTR39,400,138,80.691494,22.293828
Kanha,Deotalai, KTR39,800,138,80.693989,22.291044
Kanha,Deotalai, KTR39,1200,138,80.696483,22.288261
Kanha,Deotalai, KTR39,1600,138,80.698978,22.285478
Kanha,Deotalai, KTR39,2000,138,80.701472,22.282694
Kanha,Ghangharmuda, KTR28,0,358,80.646694,22.227111
Kanha,Ghangharmuda, KTR28,400,358,80.646578,22.230700
Kanha,Ghangharmuda, KTR28,800,358,80.646461,22.234289
Kanha,Ghangharmuda, KTR28,1200,358,80.646344,22.237878
Kanha,Ghangharmuda, KTR28,1600,358,80.646228,22.241467
Kanha,Ghangharmuda, KTR28,2000,358,80.646111,22.245056
Kanha,Ghoorpani, KTR34,0,223,80.703972,22.252639
Kanha,Ghoorpani, KTR34,400,223,80.701339,22.249772
Kanha,Ghoorpani, KTR34,800,223,80.698706,22.246903
Kanha,Ghoorpani, KTR34,1200,223,80.696072,22.244036
Kanha,Ghoorpani, KTR34,1600,223,80.693442,22.241169
Kanha,Ghoorpani, KTR34,2000,223,80.690808,22.238300
Kanha,Kanha, KTR25,0,22,80.601139,22.286694
Kanha,Kanha, KTR25,400,22,80.602483,22.290072
Kanha,Kanha, KTR25,800,22,80.603828,22.293450
Kanha,Kanha, KTR25,1200,22,80.605172,22.296828
Kanha,Kanha, KTR25,1600,22,80.606517,22.300206
Kanha,Kanha, KTR25,2000,22,80.607861,22.303583
Kanha,Kanhari, KTR26,0,326,80.646250,22.276278
Kanha,Kanhari, KTR26,400,326,80.644200,22.279322
Kanha,Kanhari, KTR26,800,326,80.642150,22.282367
Kanha,Kanhari, KTR26,1200,326,80.640100,22.285411
Kanha,Kanhari, KTR26,1600,326,80.638050,22.288456
Kanha,Kanhari, KTR26,2000,326,80.636000,22.291500
Kanha,Keraghat, KTR33,0,296,80.703778,22.261583
Kanha,Keraghat, KTR33,400,296,80.700222,22.263344
Kanha,Keraghat, KTR33,800,296,80.696669,22.265106
Kanha,Keraghat, KTR33,1200,296,80.693114,22.266867
Kanha,Keraghat, KTR33,1600,296,80.689561,22.268628
Kanha,Keraghat, KTR33,2000,296,80.686006,22.270389
Kanha,Khamerpani (A), KTR36,0,97,80.668822,22.256089
Kanha,Khamerpani (A), KTR36,400,97,80.669278,22.252439
Kanha,Khamerpani (A), KTR36,800,97,80.669731,22.248786
Kanha,Khamerpani (A), KTR36,1200,97,80.670183,22.245136
Kanha,Khamerpani (A), KTR36,1600,97,80.670639,22.241483
Kanha,Khamerpani (A), KTR36,2000,97,80.671092,22.237833
Kanha,Khamerpani (B), KTR37,0,153,80.677083,22.229000
Kanha,Khamerpani (B), KTR37,400,153,80.678767,22.225739
Kanha,Khamerpani (B), KTR37,800,153,80.680450,22.222478
Kanha,Khamerpani (B), KTR37,1200,153,80.682133,22.219217
Kanha,Khamerpani (B), KTR37,1600,153,80.683817,22.215956
Kanha,Khamerpani (B), KTR37,2000,153,80.685500,22.212694
Kanha,Machadadar, KTR32,0,174,80.652556,22.270389
Kanha,Machadadar, KTR32,400,174,80.652939,22.266814
Kanha,Machadadar, KTR32,800,174,80.653322,22.263239
Kanha,Machadadar, KTR32,1200,174,80.653706,22.259661
Kanha,Machadadar, KTR32,1600,174,80.654089,22.256086
Kanha,Machadadar, KTR32,2000,174,80.654472,22.252511
Kanha,Mundidadar, KTR38,0,316,80.678944,22.287889
Kanha,Mundidadar, KTR38,400,316,80.676372,22.290567
Kanha,Mundidadar, KTR38,800,316,80.673800,22.293244
Kanha,Mundidadar, KTR38,1200,316,80.671228,22.295922
Kanha,Mundidadar, KTR38,1600,316,80.668656,22.298600
Kanha,Mundidadar, KTR38,2000,316,80.666083,22.301278
Kanha,Naktighati, KTR29,0,105,80.608306,22.241444
Kanha,Naktighati, KTR29,400,105,80.612033,22.240428
Kanha,Naktighati, KTR29,800,105,80.615761,22.239411
Kanha,Naktighati, KTR29,1200,105,80.619489,22.238394
Kanha,Naktighati, KTR29,1600,105,80.623217,22.237378
Kanha,Naktighati, KTR29,2000,105,80.626944,22.236361
Kanha,Parsatola (K), KTR40,0,263,80.649194,22.303917
Kanha,Parsatola (K), KTR40,400,263,80.645356,22.303472
Kanha,Parsatola (K), KTR40,800,263,80.641517,22.303028
Kanha,Parsatola (K), KTR40,1200,263,80.637678,22.302583
Kanha,Parsatola (K), KTR40,1600,263,80.633839,22.302139
Kanha,Parsatola (K), KTR40,2000,263,80.630000,22.301694
Kanha,Umarpani, KTR27,0,182,80.622972,22.273694
Kanha,Umarpani, KTR27,400,182,80.622856,22.270111
Kanha,Umarpani, KTR27,800,182,80.622739,22.266528
Kanha,Umarpani, KTR27,1200,182,80.622622,22.262944
Kanha,Umarpani, KTR27,1600,182,80.622506,22.259361
Kanha,Umarpani, KTR27,2000,182,80.622389,22.255778
Kisli,Amahi, KTR21,0,236,80.538639,22.359694
Kisli,Amahi, KTR21,400,236,80.535564,22.357636
Kisli,Amahi, KTR21,800,236,80.532489,22.355581
Kisli,Amahi, KTR21,1200,236,80.529414,22.353522
Kisli,Amahi, KTR21,1600,236,80.526336,22.351467
Kisli,Amahi, KTR21,2000,236,80.523261,22.349408
Kisli,Batwar, KTR17,0,181,80.524139,22.390208
Kisli,Batwar, KTR17,400,181,80.524089,22.386617
Kisli,Batwar, KTR17,800,181,80.524039,22.383025
Kisli,Batwar, KTR17,1200,181,80.523992,22.379433
Kisli,Batwar, KTR17,1600,181,80.523942,22.375842
Kisli,Batwar, KTR17,2000,181,80.523892,22.372250
Kisli,Chimta, KTR16,0,100,80.562333,22.272333
Kisli,Chimta, KTR16,400,100,80.566211,22.271617
Kisli,Chimta, KTR16,800,100,80.570089,22.270900
Kisli,Chimta, KTR16,1200,100,80.573967,22.270183
Kisli,Chimta, KTR16,1600,100,80.577844,22.269467
Kisli,Chimta, KTR16,2000,100,80.581722,22.268750
Kisli,Dhamangaon, KTR22,0,131,80.544592,22.396022
Kisli,Dhamangaon, KTR22,400,131,80.547400,22.393544
Kisli,Dhamangaon, KTR22,800,131,80.550206,22.391067
Kisli,Dhamangaon, KTR22,1200,131,80.553014,22.388589
Kisli,Dhamangaon, KTR22,1600,131,80.555819,22.386111
Kisli,Dhamangaon, KTR22,2000,131,80.558628,22.383633
Kisli,Digdola (A), KTR12,0,63,80.561667,22.312778
Kisli,Digdola (A), KTR12,400,63,80.565056,22.314489
Kisli,Digdola (A), KTR12,800,63,80.568444,22.316200
Kisli,Digdola (A), KTR12,1200,63,80.571833,22.317911
Kisli,Digdola (A), KTR12,1600,63,80.575222,22.319622
Kisli,Digdola (A), KTR12,2000,63,80.578611,22.321333
Kisli,Digdola (B), KTR13,0,48,80.578889,22.299972
Kisli,Digdola (B), KTR13,400,48,80.581639,22.302467
Kisli,Digdola (B), KTR13,800,48,80.584389,22.304961
Kisli,Digdola (B), KTR13,1200,48,80.587139,22.307456
Kisli,Digdola (B), KTR13,1600,48,80.589889,22.309950
Kisli,Digdola (B), KTR13,2000,48,80.592639,22.312444
Kisli,Indri, KTR9,0,289,80.532147,22.268692
Kisli,Indri, KTR9,400,289,80.528508,22.269953
Kisli,Indri, KTR9,800,289,80.524867,22.271214
Kisli,Indri, KTR9,1200,289,80.521228,22.272472
Kisli,Indri, KTR9,1600,289,80.517586,22.273733
Kisli,Indri, KTR9,2000,289,80.513947,22.274994
Kisli,Jamuntola (Ki) (A), KTR3,0,109,80.525556,22.255972
Kisli,Jamuntola (Ki) (A), KTR3,400,109,80.529206,22.254694
Kisli,Jamuntola (Ki) (A), KTR3,800,109,80.532856,22.253417
Kisli,Jamuntola (Ki) (A), KTR3,1200,109,80.536506,22.252139
Kisli,Jamuntola (Ki) (A), KTR3,1600,109,80.540156,22.250861
Kisli,Jamuntola (Ki) (A), KTR3,2000,109,80.543806,22.249583
Kisli,Jamuntola (Ki) (B), KTR4,0,94,80.557211,22.239133
Kisli,Jamuntola (Ki) (B), KTR4,400,94,80.561017,22.238853
Kisli,Jamuntola (Ki) (B), KTR4,800,94,80.564819,22.238569
Kisli,Jamuntola (Ki) (B), KTR4,1200,94,80.568625,22.238289
Kisli,Jamuntola (Ki) (B), KTR4,1600,94,80.572431,22.238006
Kisli,Jamuntola (Ki) (B), KTR4,2000,94,80.576236,22.237725
Kisli,Jhulup (A), KTR5,0,178,80.573911,22.259592
Kisli,Jhulup (A), KTR5,400,178,80.574044,22.255931
Kisli,Jhulup (A), KTR5,800,178,80.574178,22.252269
Kisli,Jhulup (A), KTR5,1200,178,80.574311,22.248611
Kisli,Jhulup (A), KTR5,1600,178,80.574442,22.244950
Kisli,Jhulup (A), KTR5,2000,178,80.574575,22.241292
Kisli,Jhulup (B), KTR6,0,347,80.565306,22.248389
Kisli,Jhulup (B), KTR6,400,347,80.564489,22.251883
Kisli,Jhulup (B), KTR6,800,347,80.563672,22.255378
Kisli,Jhulup (B), KTR6,1200,347,80.562856,22.258872
Kisli,Jhulup (B), KTR6,1600,347,80.562039,22.262367
Kisli,Jhulup (B), KTR6,2000,347,80.561222,22.265861
Kisli,Khajrahi (A), KTR7,0,180,80.586617,22.255639
Kisli,Khajrahi (A), KTR7,400,180,80.586617,22.251850
Kisli,Khajrahi (A), KTR7,800,180,80.586617,22.248061
Kisli,Khajrahi (A), KTR7,1200,180,80.586617,22.244275
Kisli,Khajrahi (A), KTR7,1600,180,80.586617,22.240486
Kisli,Khajrahi (A), KTR7,2000,180,80.586617,22.236697
Kisli,Khajrahi (B), KTR8,0,130,80.591667,22.266667
Kisli,Khajrahi (B), KTR8,400,130,80.594678,22.264156
Kisli,Khajrahi (B), KTR8,800,130,80.597689,22.261644
Kisli,Khajrahi (B), KTR8,1200,130,80.600700,22.259133
Kisli,Khajrahi (B), KTR8,1600,130,80.603711,22.256622
Kisli,Khajrahi (B), KTR8,2000,130,80.606722,22.254111
Kisli,Khatia, KTR1,0,105,80.526986,22.319289
Kisli,Khatia, KTR1,400,105,80.530869,22.318222
Kisli,Khatia, KTR1,800,105,80.534756,22.317156
Kisli,Khatia, KTR1,1200,105,80.538639,22.316089
Kisli,Khatia, KTR1,1600,105,80.542525,22.315022
Kisli,Khatia, KTR1,2000,105,80.546408,22.313956
Kisli,Kisli, KTR2,0,100,80.526783,22.303525
Kisli,Kisli, KTR2,400,100,80.530600,22.302858
Kisli,Kisli, KTR2,800,100,80.534414,22.302192
Kisli,Kisli, KTR2,1200,100,80.538231,22.301528
Kisli,Kisli, KTR2,1600,100,80.542044,22.300861
Kisli,Kisli, KTR2,2000,100,80.545861,22.300194
Kisli,Kopedabri, KTR18,0,62,80.563611,22.283333
Kisli,Kopedabri, KTR18,400,62,80.567000,22.285111
Kisli,Kopedabri, KTR18,800,62,80.570389,22.286889
Kisli,Kopedabri, KTR18,1200,62,80.573778,22.288667
Kisli,Kopedabri, KTR18,1600,62,80.577167,22.290444
Kisli,Kopedabri, KTR18,2000,62,80.580556,22.292222
Kisli,Langhadadar (A), KTR14,0,77,80.522358,22.332083
Kisli,Langhadadar (A), KTR14,400,77,80.526275,22.333000
Kisli,Langhadadar (A), KTR14,800,77,80.530192,22.333917
Kisli,Langhadadar (A), KTR14,1200,77,80.534111,22.334833
Kisli,Langhadadar (A), KTR14,1600,77,80.538028,22.335750
Kisli,Langhadadar (A), KTR14,2000,77,80.541944,22.336667
Kisli,Langhadadar (B), KTR15,0,287,80.563333,22.340833
Kisli,Langhadadar (B), KTR15,400,287,80.559611,22.342000
Kisli,Langhadadar (B), KTR15,800,287,80.555889,22.343167
Kisli,Langhadadar (B), KTR15,1200,287,80.552167,22.344333
Kisli,Langhadadar (B), KTR15,1600,287,80.548444,22.345500
Kisli,Langhadadar (B), KTR15,2000,287,80.544722,22.346667
Kisli,Magarnala, KTR20,0,76,80.565342,22.332742
Kisli,Magarnala, KTR20,400,76,80.569214,22.333681
Kisli,Magarnala, KTR20,800,76,80.573083,22.334619
Kisli,Magarnala, KTR20,1200,76,80.576956,22.335556
Kisli,Magarnala, KTR20,1600,76,80.580825,22.336494
Kisli,Magarnala, KTR20,2000,76,80.584697,22.337433
Kisli,Mochidadar, KTR19,0,273,80.560658,22.373067
Kisli,Mochidadar, KTR19,400,273,80.556761,22.373283
Kisli,Mochidadar, KTR19,800,273,80.552864,22.373500
Kisli,Mochidadar, KTR19,1200,273,80.548969,22.373714
Kisli,Mochidadar, KTR19,1600,273,80.545072,22.373931
Kisli,Mochidadar, KTR19,2000,273,80.541175,22.374147
Kisli,Piperdarra, KTR23,0,178,80.524703,22.415603
Kisli,Piperdarra, KTR23,400,178,80.524839,22.412017
Kisli,Piperdarra, KTR23,800,178,80.524978,22.408428
Kisli,Piperdarra, KTR23,1200,178,80.525114,22.404842
Kisli,Piperdarra, KTR23,1600,178,80.525253,22.401253
Kisli,Piperdarra, KTR23,2000,178,80.525389,22.397667
Kisli,Sondar (Ki), KTR24,0,70,80.551422,22.356650
Kisli,Sondar (Ki), KTR24,400,70,80.555192,22.358025
Kisli,Sondar (Ki), KTR24,800,70,80.558964,22.359400
Kisli,Sondar (Ki), KTR24,1200,70,80.562736,22.360778
Kisli,Sondar (Ki), KTR24,1600,70,80.566506,22.362153
Kisli,Sondar (Ki), KTR24,2000,70,80.570278,22.363528
Kisli,Soonaghat (A), KTR10,0,110,80.526056,22.292056
Kisli,Soonaghat (A), KTR10,400,110,80.529794,22.290703
Kisli,Soonaghat (A), KTR10,800,110,80.533533,22.289350
Kisli,Soonaghat (A), KTR10,1200,110,80.537272,22.287994
Kisli,Soonaghat (A), KTR10,1600,110,80.541011,22.286642
Kisli,Soonaghat (A), KTR10,2000,110,80.544750,22.285289
Kisli,Soonaghat (B), KTR11,0,231,80.555575,22.282833
Kisli,Soonaghat (B), KTR11,400,231,80.552597,22.280406
Kisli,Soonaghat (B), KTR11,800,231,80.549622,22.277978
Kisli,Soonaghat (B), KTR11,1200,231,80.546644,22.275550
Kisli,Soonaghat (B), KTR11,1600,231,80.543667,22.273125
Kisli,Soonaghat (B), KTR11,2000,231,80.540689,22.270697
Mukki,Algidadar, KTR43,0,106,80.667472,22.207806
Mukki,Algidadar, KTR43,400,106,80.671172,22.206711
Mukki,Algidadar, KTR43,800,106,80.674872,22.205617
Mukki,Algidadar, KTR43,1200,106,80.678572,22.204522
Mukki,Algidadar, KTR43,1600,106,80.682272,22.203428
Mukki,Algidadar, KTR43,2000,106,80.685972,22.202333
Mukki,Andhkua, KTR55,0,16,80.637525,22.202772
Mukki,Andhkua, KTR55,400,16,80.638597,22.206417
Mukki,Andhkua, KTR55,800,16,80.639669,22.210061
Mukki,Andhkua, KTR55,1200,16,80.640739,22.213706
Mukki,Andhkua, KTR55,1600,16,80.641811,22.217350
Mukki,Andhkua, KTR55,2000,16,80.642881,22.220994
Mukki,Baherakhar, KTR67,0,48,80.729833,22.146611
Mukki,Baherakhar, KTR67,400,48,80.732589,22.149100
Mukki,Baherakhar, KTR67,800,48,80.735344,22.151589
Mukki,Baherakhar, KTR67,1200,48,80.738100,22.154078
Mukki,Baherakhar, KTR67,1600,48,80.740856,22.156567
Mukki,Baherakhar, KTR67,2000,48,80.743611,22.159056
Mukki,Balgaon (M), KTR65,0,114,80.759083,22.121889
Mukki,Balgaon (M), KTR65,400,114,80.762633,22.120317
Mukki,Balgaon (M), KTR65,800,114,80.766183,22.118744
Mukki,Balgaon (M), KTR65,1200,114,80.769733,22.117172
Mukki,Balgaon (M), KTR65,1600,114,80.773283,22.115600
Mukki,Balgaon (M), KTR65,2000,114,80.776833,22.114028
Mukki,Basinkhar, KTR68,0,313,80.745886,22.117364
Mukki,Basinkhar, KTR68,400,313,80.743108,22.119947
Mukki,Basinkhar, KTR68,800,313,80.740331,22.122531
Mukki,Basinkhar, KTR68,1200,313,80.737553,22.125114
Mukki,Basinkhar, KTR68,1600,313,80.734775,22.127697
Mukki,Basinkhar, KTR68,2000,313,80.731997,22.130281
Mukki,Bisanpura (A), KTR57,0,93,80.607111,22.226694
Mukki,Bisanpura (A), KTR57,400,93,80.610972,22.226489
Mukki,Bisanpura (A), KTR57,800,93,80.614833,22.226283
Mukki,Bisanpura (A), KTR57,1200,93,80.618694,22.226078
Mukki,Bisanpura (A), KTR57,1600,93,80.622556,22.225872
Mukki,Bisanpura (A), KTR57,2000,93,80.626417,22.225667
Mukki,Bisanpura (B), KTR58,0,5,80.596139,22.196278
Mukki,Bisanpura (B), KTR58,400,5,80.596472,22.199867
Mukki,Bisanpura (B), KTR58,800,5,80.596806,22.203456
Mukki,Bisanpura (B), KTR58,1200,5,80.597139,22.207044
Mukki,Bisanpura (B), KTR58,1600,5,80.597472,22.210633
Mukki,Bisanpura (B), KTR58,2000,5,80.597806,22.214222
Mukki,Gaidhar (A), KTR52,0,92,80.610233,22.216183
Mukki,Gaidhar (A), KTR52,400,92,80.614103,22.216058
Mukki,Gaidhar (A), KTR52,800,92,80.617969,22.215931
Mukki,Gaidhar (A), KTR52,1200,92,80.621839,22.215803
Mukki,Gaidhar (A), KTR52,1600,92,80.625708,22.215675
Mukki,Gaidhar (A), KTR52,2000,92,80.629578,22.215550
Mukki,Gaidhar (B), KTR53,0,41,80.596583,22.189958
Mukki,Gaidhar (B), KTR53,400,41,80.599050,22.192817
Mukki,Gaidhar (B), KTR53,800,41,80.601517,22.195675
Mukki,Gaidhar (B), KTR53,1200,41,80.603983,22.198531
Mukki,Gaidhar (B), KTR53,1600,41,80.606450,22.201389
Mukki,Gaidhar (B), KTR53,2000,41,80.608917,22.204247
Mukki,Ghorela (A), KTR46,0,8,80.657275,22.201461
Mukki,Ghorela (A), KTR46,400,8,80.657781,22.205022
Mukki,Ghorela (A), KTR46,800,8,80.658289,22.208586
Mukki,Ghorela (A), KTR46,1200,8,80.658794,22.212150
Mukki,Ghorela (A), KTR46,1600,8,80.659300,22.215714
Mukki,Ghorela (A), KTR46,2000,8,80.659806,22.219278
Mukki,Ghorela (B), KTR47,0,30,80.640583,22.176611
Mukki,Ghorela (B), KTR47,400,30,80.642414,22.179739
Mukki,Ghorela (B), KTR47,800,30,80.644247,22.182869
Mukki,Ghorela (B), KTR47,1200,30,80.646078,22.185997
Mukki,Ghorela (B), KTR47,1600,30,80.647908,22.189125
Mukki,Ghorela (B), KTR47,2000,30,80.649739,22.192256
Mukki,Jamuntola (M), KTR59,0,56,80.510981,22.236281
Mukki,Jamuntola (M), KTR59,400,56,80.514111,22.238358
Mukki,Jamuntola (M), KTR59,800,56,80.517244,22.240433
Mukki,Jamuntola (M), KTR59,1200,56,80.520378,22.242508
Mukki,Jamuntola (M), KTR59,1600,56,80.523511,22.244586
Mukki,Jamuntola (M), KTR59,2000,56,80.526642,22.246661
Mukki,Kalegaon, KTR60,0,111,80.547672,22.233131
Mukki,Kalegaon, KTR60,400,111,80.551283,22.231750
Mukki,Kalegaon, KTR60,800,111,80.554894,22.230372
Mukki,Kalegaon, KTR60,1200,111,80.558506,22.228992
Mukki,Kalegaon, KTR60,1600,111,80.562117,22.227614
Mukki,Kalegaon, KTR60,2000,111,80.565728,22.226233
Mukki,Khapa, KTR61,0,14,80.583694,22.193917
Mukki,Khapa, KTR61,400,14,80.584589,22.197411
Mukki,Khapa, KTR61,800,14,80.585483,22.200906
Mukki,Khapa, KTR61,1200,14,80.586378,22.204400
Mukki,Khapa, KTR61,1600,14,80.587272,22.207894
Mukki,Khapa, KTR61,2000,14,80.588167,22.211389
Mukki,Kiwardabra, KTR54,0,120,80.618758,22.180775
Mukki,Kiwardabra, KTR54,400,120,80.622106,22.178881
Mukki,Kiwardabra, KTR54,800,120,80.625450,22.176989
Mukki,Kiwardabra, KTR54,1200,120,80.628794,22.175094
Mukki,Kiwardabra, KTR54,1600,120,80.632142,22.173203
Mukki,Kiwardabra, KTR54,2000,120,80.635486,22.171308
Mukki,Lachhama, KTR66,0,24,80.722444,22.179444
Mukki,Lachhama, KTR66,400,24,80.723933,22.182750
Mukki,Lachhama, KTR66,800,24,80.725422,22.186056
Mukki,Lachhama, KTR66,1200,24,80.726911,22.189361
Mukki,Lachhama, KTR66,1600,24,80.728400,22.192667
Mukki,Lachhama, KTR66,2000,24,80.729889,22.195972
Mukki,Lalpulia, KTR45,0,258,80.710439,22.192572
Mukki,Lalpulia, KTR45,400,258,80.706622,22.191781
Mukki,Lalpulia, KTR45,800,258,80.702803,22.190989
Mukki,Lalpulia, KTR45,1200,258,80.698986,22.190200
Mukki,Lalpulia, KTR45,1600,258,80.695169,22.189408
Mukki,Lalpulia, KTR45,2000,258,80.691353,22.188617
Mukki,Malkhedi, KTR62,0,133,80.579550,22.225494
Mukki,Malkhedi, KTR62,400,133,80.582267,22.222939
Mukki,Malkhedi, KTR62,800,133,80.584983,22.220383
Mukki,Malkhedi, KTR62,1200,133,80.587700,22.217828
Mukki,Malkhedi, KTR62,1600,133,80.590417,22.215272
Mukki,Malkhedi, KTR62,2000,133,80.593133,22.212717
Mukki,Mawala (A), KTR50,0,181,80.611303,22.187375
Mukki,Mawala (A), KTR50,400,181,80.611247,22.183722
Mukki,Mawala (A), KTR50,800,181,80.611189,22.180069
Mukki,Mawala (A), KTR50,1200,181,80.611133,22.176417
Mukki,Mawala (A), KTR50,1600,181,80.611075,22.172764
Mukki,Mawala (A), KTR50,2000,181,80.611019,22.169111
Mukki,Mawala (B), KTR51,0,48,80.609319,22.194961
Mukki,Mawala (B), KTR51,400,48,80.612142,22.197478
Mukki,Mawala (B), KTR51,800,48,80.614967,22.199992
Mukki,Mawala (B), KTR51,1200,48,80.617792,22.202506
Mukki,Mawala (B), KTR51,1600,48,80.620614,22.205019
Mukki,Mawala (B), KTR51,2000,48,80.623439,22.207536
Mukki,Mukki, KTR42,0,9,80.677194,22.163028
Mukki,Mukki, KTR42,400,9,80.677778,22.166578
Mukki,Mukki, KTR42,800,9,80.678361,22.170128
Mukki,Mukki, KTR42,1200,9,80.678944,22.173678
Mukki,Mukki, KTR42,1600,9,80.679528,22.177228
Mukki,Mukki, KTR42,2000,9,80.680111,22.180778
Mukki,Oarie, KTR44,0,122,80.648431,22.169047
Mukki,Oarie, KTR44,400,122,80.651761,22.166936
Mukki,Oarie, KTR44,800,122,80.655092,22.164828
Mukki,Oarie, KTR44,1200,122,80.658422,22.162719
Mukki,Oarie, KTR44,1600,122,80.661753,22.160608
Mukki,Oarie, KTR44,2000,122,80.665083,22.158500
Mukki,Parsatola (M) (A), KTR48,0,9,80.689578,22.156825
Mukki,Parsatola (M) (A), KTR48,400,9,80.690153,22.160508
Mukki,Parsatola (M) (A), KTR48,800,9,80.690725,22.164194
Mukki,Parsatola (M) (A), KTR48,1200,9,80.691297,22.167881
Mukki,Parsatola (M) (A), KTR48,1600,9,80.691872,22.171564
Mukki,Parsatola (M) (A), KTR48,2000,9,80.692444,22.175250
Mukki,Parsatola (M) (B), KTR49,0,49,80.668811,22.183411
Mukki,Parsatola (M) (B), KTR49,400,49,80.671739,22.185969
Mukki,Parsatola (M) (B), KTR49,800,49,80.674667,22.188525
Mukki,Parsatola (M) (B), KTR49,1200,49,80.677594,22.191081
Mukki,Parsatola (M) (B), KTR49,1600,49,80.680522,22.193639
Mukki,Parsatola (M) (B), KTR49,2000,49,80.683453,22.196194
Mukki,Samnapur (A), KTR63,0,43,80.700694,22.152806
Mukki,Samnapur (A), KTR63,400,43,80.703267,22.155572
Mukki,Samnapur (A), KTR63,800,43,80.705839,22.158339
Mukki,Samnapur (A), KTR63,1200,43,80.708411,22.161106
Mukki,Samnapur (A), KTR63,1600,43,80.710983,22.163872
Mukki,Samnapur (A), KTR63,2000,43,80.713556,22.166639
Mukki,Samnapur (B), KTR64,0,78,80.718022,22.161503
Mukki,Samnapur (B), KTR64,400,78,80.721861,22.162336
Mukki,Samnapur (B), KTR64,800,78,80.725700,22.163169
Mukki,Samnapur (B), KTR64,1200,78,80.729539,22.164003
Mukki,Samnapur (B), KTR64,1600,78,80.733378,22.164836
Mukki,Samnapur (B), KTR64,2000,78,80.737217,22.165669
Mukki,Sondar (M), KTR56,0,9,80.627111,22.182028
Mukki,Sondar (M), KTR56,400,9,80.627739,22.185831
Mukki,Sondar (M), KTR56,800,9,80.628367,22.189633
Mukki,Sondar (M), KTR56,1200,9,80.628994,22.193436
Mukki,Sondar (M), KTR56,1600,9,80.629622,22.197239
Mukki,Sondar (M), KTR56,2000,9,80.630250,22.201042
Sarhi,Bhilwani, KTR83,0,233,80.700289,22.347650
Sarhi,Bhilwani, KTR83,400,233,80.696942,22.345172
Sarhi,Bhilwani, KTR83,800,233,80.693597,22.342694
Sarhi,Bhilwani, KTR83,1200,233,80.690250,22.340219
Sarhi,Bhilwani, KTR83,1600,233,80.686906,22.337742
Sarhi,Bhilwani, KTR83,2000,233,80.683558,22.335264
Sarhi,Bhimpuri, KTR82,0,91,80.718250,22.338694
Sarhi,Bhimpuri, KTR82,400,91,80.722017,22.338633
Sarhi,Bhimpuri, KTR82,800,91,80.725783,22.338572
Sarhi,Bhimpuri, KTR82,1200,91,80.729550,22.338511
Sarhi,Bhimpuri, KTR82,1600,91,80.733317,22.338450
Sarhi,Bhimpuri, KTR82,2000,91,80.737083,22.338389
Sarhi,Daldala, KTR87,0,249,80.718972,22.316806
Sarhi,Daldala, KTR87,400,249,80.715211,22.315378
Sarhi,Daldala, KTR87,800,249,80.711450,22.313950
Sarhi,Daldala, KTR87,1200,249,80.707689,22.312522
Sarhi,Daldala, KTR87,1600,249,80.703928,22.311094
Sarhi,Daldala, KTR87,2000,249,80.700167,22.309667
Sarhi,Ganeridadar (A), KTR88,0,170,80.656953,22.341214
Sarhi,Ganeridadar (A), KTR88,400,170,80.657589,22.337508
Sarhi,Ganeridadar (A), KTR88,800,170,80.658222,22.333803
Sarhi,Ganeridadar (A), KTR88,1200,170,80.658858,22.330097
Sarhi,Ganeridadar (A), KTR88,1600,170,80.659492,22.326389
Sarhi,Ganeridadar (A), KTR88,2000,170,80.660128,22.322683
Sarhi,Ganeridadar (B), KTR153,0,83,80.657417,22.316406
Sarhi,Ganeridadar (B), KTR153,400,83,80.661406,22.316906
Sarhi,Ganeridadar (B), KTR153,800,83,80.665397,22.317403
Sarhi,Ganeridadar (B), KTR153,1200,83,80.669386,22.317903
Sarhi,Ganeridadar (B), KTR153,1600,83,80.673378,22.318403
Sarhi,Ganeridadar (B), KTR153,2000,83,80.677367,22.318900
Sarhi,Jamuntola (S), KTR74,0,248,80.636056,22.358972
Sarhi,Jamuntola (S), KTR74,400,248,80.632539,22.357539
Sarhi,Jamuntola (S), KTR74,800,248,80.629022,22.356106
Sarhi,Jamuntola (S), KTR74,1200,248,80.625506,22.354672
Sarhi,Jamuntola (S), KTR74,1600,248,80.621989,22.353239
Sarhi,Jamuntola (S), KTR74,2000,248,80.618472,22.351806
Sarhi,Jhapul, KTR81,0,182,80.733944,22.327361
Sarhi,Jhapul, KTR81,400,182,80.733822,22.323706
Sarhi,Jhapul, KTR81,800,182,80.733700,22.320050
Sarhi,Jhapul, KTR81,1200,182,80.733578,22.316394
Sarhi,Jhapul, KTR81,1600,182,80.733456,22.312739
Sarhi,Jhapul, KTR81,2000,182,80.733333,22.309083
Sarhi,Kariwah, KTR76,0,250,80.600278,22.421722
Sarhi,Kariwah, KTR76,400,250,80.596400,22.422589
Sarhi,Kariwah, KTR76,800,250,80.592522,22.423456
Sarhi,Kariwah, KTR76,1200,250,80.588644,22.424322
Sarhi,Kariwah, KTR76,1600,250,80.584767,22.425189
Sarhi,Kariwah, KTR76,2000,250,80.580889,22.426056
Sarhi,Khatola (A), KTR84,0,297,80.664011,22.349842
Sarhi,Khatola (A), KTR84,400,297,80.660531,22.351589
Sarhi,Khatola (A), KTR84,800,297,80.657050,22.353339
Sarhi,Khatola (A), KTR84,1200,297,80.653572,22.355086
Sarhi,Khatola (A), KTR84,1600,297,80.650092,22.356836
Sarhi,Khatola (A), KTR84,2000,297,80.646611,22.358583
Sarhi,Khatola (B), KTR85,0,37,80.670194,22.354278
Sarhi,Khatola (B), KTR85,400,37,80.672833,22.357728
Sarhi,Khatola (B), KTR85,800,37,80.675472,22.361178
Sarhi,Khatola (B), KTR85,1200,37,80.678111,22.364628
Sarhi,Khatola (B), KTR85,1600,37,80.680750,22.368078
Sarhi,Khatola (B), KTR85,2000,37,80.683389,22.371528
Sarhi,Mahuadabri, KTR79,0,47,80.603194,22.370528
Sarhi,Mahuadabri, KTR79,400,47,80.605922,22.373089
Sarhi,Mahuadabri, KTR79,800,47,80.608650,22.375650
Sarhi,Mahuadabri, KTR79,1200,47,80.611378,22.378211
Sarhi,Mahuadabri, KTR79,1600,47,80.614106,22.380772
Sarhi,Mahuadabri, KTR79,2000,47,80.616833,22.383333
Sarhi,Mahuakol (A), KTR77,0,114,80.568167,22.385219
Sarhi,Mahuakol (A), KTR77,400,114,80.569897,22.388556
Sarhi,Mahuakol (A), KTR77,800,114,80.571628,22.391892
Sarhi,Mahuakol (A), KTR77,1200,114,80.573358,22.395228
Sarhi,Mahuakol (A), KTR77,1600,114,80.575089,22.398564
Sarhi,Mahuakol (A), KTR77,2000,114,80.576817,22.401900
Sarhi,Mahuakol (B), KTR78,0,283,80.560417,22.405111
Sarhi,Mahuakol (B), KTR78,400,283,80.563500,22.406250
Sarhi,Mahuakol (B), KTR78,800,283,80.567056,22.407472
Sarhi,Mahuakol (B), KTR78,1200,283,80.570722,22.408806
Sarhi,Mahuakol (B), KTR78,1600,283,80.574306,22.410250
Sarhi,Mahuakol (B), KTR78,2000,283,80.577944,22.411500
Sarhi,Matigahan, KTR86,0,180,80.678486,22.388669
Sarhi,Matigahan, KTR86,400,180,80.676489,22.385369
Sarhi,Matigahan, KTR86,800,180,80.674492,22.382069
Sarhi,Matigahan, KTR86,1200,180,80.672494,22.378767
Sarhi,Matigahan, KTR86,1600,180,80.670497,22.375467
Sarhi,Matigahan, KTR86,2000,180,80.668500,22.372167
Sarhi,Mohgaon, KTR80,0,232,80.616556,22.408250
Sarhi,Mohgaon, KTR80,400,232,80.613589,22.405939
Sarhi,Mohgaon, KTR80,800,232,80.610622,22.403628
Sarhi,Mohgaon, KTR80,1200,232,80.607656,22.401317
Sarhi,Mohgaon, KTR80,1600,232,80.604689,22.399006
Sarhi,Mohgaon, KTR80,2000,232,80.601722,22.396694
Sarhi,Ronda (S) (A), KTR71,0,29,80.583889,22.357944
Sarhi,Ronda (S) (A), KTR71,400,29,80.585700,22.361189
Sarhi,Ronda (S) (A), KTR71,800,29,80.587511,22.364433
Sarhi,Ronda (S) (A), KTR71,1200,29,80.589322,22.367678
Sarhi,Ronda (S) (A), KTR71,1600,29,80.591133,22.370922
Sarhi,Ronda (S) (A), KTR71,2000,29,80.592944,22.374167
Sarhi,Ronda (S) (B), KTR72,0,1,80.570314,22.372525
Sarhi,Ronda (S) (B), KTR72,400,1,80.573894,22.374236
Sarhi,Ronda (S) (B), KTR72,800,1,80.577472,22.375944
Sarhi,Ronda (S) (B), KTR72,1200,1,80.581050,22.377656
Sarhi,Ronda (S) (B), KTR72,1600,1,80.584628,22.379367
Sarhi,Ronda (S) (B), KTR72,2000,1,80.588208,22.381075
Sarhi,Sarhinakan, KTR75,0,176,80.659067,22.394078
Sarhi,Sarhinakan, KTR75,400,176,80.655833,22.391661
Sarhi,Sarhinakan, KTR75,800,176,80.652600,22.389244
Sarhi,Sarhinakan, KTR75,1200,176,80.649364,22.386828
Sarhi,Sarhinakan, KTR75,1600,176,80.646131,22.384411
Sarhi,Sarhinakan, KTR75,2000,176,80.642897,22.381994
Sarhi,Sonf-I (A), KTR69,0,357,80.595972,22.332806
Sarhi,Sonf-I (A), KTR69,400,357,80.595772,22.336394
Sarhi,Sonf-I (A), KTR69,800,357,80.595572,22.339983
Sarhi,Sonf-I (A), KTR69,1200,357,80.595372,22.343572
Sarhi,Sonf-I (A), KTR69,1600,357,80.595172,22.347161
Sarhi,Sonf-I (A), KTR69,2000,357,80.594972,22.350750
Sarhi,Sonf-I (B), KTR70,0,29,80.605306,22.345111
Sarhi,Sonf-I (B), KTR70,400,29,80.607111,22.348367
Sarhi,Sonf-I (B), KTR70,800,29,80.608917,22.351622
Sarhi,Sonf-I (B), KTR70,1200,29,80.610722,22.354878
Sarhi,Sonf-I (B), KTR70,1600,29,80.612528,22.358133
Sarhi,Sonf-I (B), KTR70,2000,29,80.614333,22.361389
Sarhi,Urnakhera, KTR73,0,47,80.627686,22.333992
Sarhi,Urnakhera, KTR73,400,47,80.630533,22.336633
Sarhi,Urnakhera, KTR73,800,47,80.633378,22.339272
Sarhi,Urnakhera, KTR73,1200,47,80.636225,22.341914
Sarhi,Urnakhera, KTR73,1600,47,80.639069,22.344553
Sarhi,Urnakhera, KTR73,2000,47,80.641917,22.347194
Supkhar,Armi, KTR117,0,128,80.903056,22.236944
Supkhar,Armi, KTR117,400,128,80.906167,22.234556
Supkhar,Armi, KTR117,800,128,80.909278,22.232167
Supkhar,Armi, KTR117,1200,128,80.912389,22.229778
Supkhar,Armi, KTR117,1600,128,80.915500,22.227389
Supkhar,Armi, KTR117,2000,128,80.918611,22.225000
Supkhar,Bandarwar (A), KTR149,0,176,81.000000,22.265833
Supkhar,Bandarwar (A), KTR149,400,176,81.000278,22.262222
Supkhar,Bandarwar (A), KTR149,800,176,81.000556,22.258611
Supkhar,Bandarwar (A), KTR149,1200,176,81.000833,22.255000
Supkhar,Bandarwar (A), KTR149,1600,176,81.001111,22.251389
Supkhar,Bandarwar (A), KTR149,2000,176,81.001389,22.247778
Supkhar,Bandarwar (B), KTR150,0,171,80.982778,22.281111
Supkhar,Bandarwar (B), KTR150,400,171,80.983333,22.277556
Supkhar,Bandarwar (B), KTR150,800,171,80.983889,22.274000
Supkhar,Bandarwar (B), KTR150,1200,171,80.984444,22.270444
Supkhar,Bandarwar (B), KTR150,1600,171,80.985000,22.266889
Supkhar,Bandarwar (B), KTR150,2000,171,80.985556,22.263333
Supkhar,Baspehra (A), KTR127,0,75,80.943214,22.133608
Supkhar,Baspehra (A), KTR127,400,75,80.947047,22.134667
Supkhar,Baspehra (A), KTR127,800,75,80.950881,22.135722
Supkhar,Baspehra (A), KTR127,1200,75,80.954714,22.136781
Supkhar,Baspehra (A), KTR127,1600,75,80.958547,22.137839
Supkhar,Baspehra (A), KTR127,2000,75,80.962381,22.138894
Supkhar,Baspehra (B), KTR128,0,44,80.973056,22.127500
Supkhar,Baspehra (B), KTR128,400,44,80.975667,22.130167
Supkhar,Baspehra (B), KTR128,800,44,80.978278,22.132833
Supkhar,Baspehra (B), KTR128,1200,44,80.980889,22.135500
Supkhar,Baspehra (B), KTR128,1600,44,80.983500,22.138167
Supkhar,Baspehra (B), KTR128,2000,44,80.986111,22.140833
Supkhar,Benda (A), KTR141,0,229,81.017122,22.216417
Supkhar,Benda (A), KTR141,400,229,81.014225,22.213858
Supkhar,Benda (A), KTR141,800,229,81.011328,22.211300
Supkhar,Benda (A), KTR141,1200,229,81.008433,22.208744
Supkhar,Benda (A), KTR141,1600,229,81.005536,22.206186
Supkhar,Benda (A), KTR141,2000,229,81.002639,22.203628
Supkhar,Benda (B), KTR154,0,42,81.015275,22.187119
Supkhar,Benda (B), KTR154,400,42,81.017836,22.189925
Supkhar,Benda (B), KTR154,800,42,81.020397,22.192731
Supkhar,Benda (B), KTR154,1200,42,81.022956,22.195539
Supkhar,Benda (B), KTR154,1600,42,81.025517,22.198344
Supkhar,Benda (B), KTR154,2000,42,81.028078,22.201153
Supkhar,Bithli (A), KTR132,0,74,81.001183,22.169592
Supkhar,Bithli (A), KTR132,400,74,81.005058,22.170728
Supkhar,Bithli (A), KTR132,800,74,81.008933,22.171867
Supkhar,Bithli (A), KTR132,1200,74,81.012806,22.173003
Supkhar,Bithli (A), KTR132,1600,74,81.016681,22.174142
Supkhar,Bithli (A), KTR132,2000,74,81.020556,22.175278
Supkhar,Bithli (B), KTR133,0,153,80.990117,22.172244
Supkhar,Bithli (B), KTR133,400,153,80.991972,22.168633
Supkhar,Bithli (B), KTR133,800,153,80.993828,22.165022
Supkhar,Bithli (B), KTR133,1200,153,80.995683,22.161411
Supkhar,Bithli (B), KTR133,1600,153,80.997539,22.157800
Supkhar,Bithli (B), KTR133,2000,153,80.999394,22.154189
Supkhar,Chakarwah, KTR116,0,326,80.940833,22.166944
Supkhar,Chakarwah, KTR116,400,326,80.938556,22.170278
Supkhar,Chakarwah, KTR116,800,326,80.936278,22.173611
Supkhar,Chakarwah, KTR116,1200,326,80.934000,22.176944
Supkhar,Chakarwah, KTR116,1600,326,80.931722,22.180278
Supkhar,Chakarwah, KTR116,2000,326,80.929444,22.183611
Supkhar,Chawarighat, KTR134,0,185,80.981667,22.196944
Supkhar,Chawarighat, KTR134,400,185,80.981333,22.193167
Supkhar,Chawarighat, KTR134,800,185,80.981000,22.189389
Supkhar,Chawarighat, KTR134,1200,185,80.980667,22.185611
Supkhar,Chawarighat, KTR134,1600,185,80.980333,22.181833
Supkhar,Chawarighat, KTR134,2000,185,80.980000,22.178056
Supkhar,Chhatarpur (A), KTR125,0,323,80.989722,22.053611
Supkhar,Chhatarpur (A), KTR125,400,323,80.987500,22.056556
Supkhar,Chhatarpur (A), KTR125,800,323,80.985278,22.059500
Supkhar,Chhatarpur (A), KTR125,1200,323,80.983056,22.062444
Supkhar,Chhatarpur (A), KTR125,1600,323,80.980833,22.065389
Supkhar,Chhatarpur (A), KTR125,2000,323,80.978611,22.068333
Supkhar,Chhatarpur (B), KTR126,0,11,80.993611,22.077222
Supkhar,Chhatarpur (B), KTR126,400,11,80.994278,22.080778
Supkhar,Chhatarpur (B), KTR126,800,11,80.994944,22.084333
Supkhar,Chhatarpur (B), KTR126,1200,11,80.995611,22.087889
Supkhar,Chhatarpur (B), KTR126,1600,11,80.996278,22.091444
Supkhar,Chhatarpur (B), KTR126,2000,11,80.996944,22.095000
Supkhar,Gorpathra, KTR131,0,106,80.964722,22.170278
Supkhar,Gorpathra, KTR131,400,106,80.968494,22.169197
Supkhar,Gorpathra, KTR131,800,106,80.972264,22.168117
Supkhar,Gorpathra, KTR131,1200,106,80.976036,22.167036
Supkhar,Gorpathra, KTR131,1600,106,80.979808,22.165958
Supkhar,Gorpathra, KTR131,2000,106,80.983581,22.164878
Supkhar,Jamsehra, KTR144,0,177,80.984389,22.257444
Supkhar,Jamsehra, KTR144,400,177,80.984594,22.253822
Supkhar,Jamsehra, KTR144,800,177,80.984800,22.250200
Supkhar,Jamsehra, KTR144,1200,177,80.985006,22.246578
Supkhar,Jamsehra, KTR144,1600,177,80.985211,22.242956
Supkhar,Jamsehra, KTR144,2000,177,80.985417,22.239333
Supkhar,Janglikheda, KTR142,0,186,81.010278,22.273611
Supkhar,Janglikheda, KTR142,400,186,81.009883,22.269989
Supkhar,Janglikheda, KTR142,800,186,81.009489,22.266367
Supkhar,Janglikheda, KTR142,1200,186,81.009094,22.262744
Supkhar,Janglikheda, KTR142,1600,186,81.008700,22.259122
Supkhar,Janglikheda, KTR142,2000,186,81.008306,22.255500
Supkhar,Jatadabra, KTR129,0,80,80.967500,22.150833
Supkhar,Jatadabra, KTR129,400,80,80.971389,22.151500
Supkhar,Jatadabra, KTR129,800,80,80.975278,22.152167
Supkhar,Jatadabra, KTR129,1200,80,80.979167,22.152833
Supkhar,Jatadabra, KTR129,1600,80,80.983056,22.153500
Supkhar,Jatadabra, KTR129,2000,80,80.986944,22.154167
Supkhar,Kamkodadar (A), KTR137,0,2,81.013772,22.223472
Supkhar,Kamkodadar (A), KTR137,400,2,81.013919,22.227092
Supkhar,Kamkodadar (A), KTR137,800,2,81.014069,22.230711
Supkhar,Kamkodadar (A), KTR137,1200,2,81.014217,22.234328
Supkhar,Kamkodadar (A), KTR137,1600,2,81.014364,22.237947
Supkhar,Kamkodadar (A), KTR137,2000,2,81.014511,22.241567
Supkhar,Kamkodadar (B), KTR138,0,304,80.997194,22.226250
Supkhar,Kamkodadar (B), KTR138,400,304,80.994056,22.228350
Supkhar,Kamkodadar (B), KTR138,800,304,80.990917,22.230450
Supkhar,Kamkodadar (B), KTR138,1200,304,80.987778,22.232550
Supkhar,Kamkodadar (B), KTR138,1600,304,80.984639,22.234650
Supkhar,Kamkodadar (B), KTR138,2000,304,80.981500,22.236750
Supkhar,Katangidadar (A), KTR145,0,175,80.959722,22.258333
Supkhar,Katangidadar (A), KTR145,400,175,80.960056,22.254722
Supkhar,Katangidadar (A), KTR145,800,175,80.960389,22.251111
Supkhar,Katangidadar (A), KTR145,1200,175,80.960722,22.247500
Supkhar,Katangidadar (A), KTR145,1600,175,80.961056,22.243889
Supkhar,Katangidadar (A), KTR145,2000,175,80.961389,22.240278
Supkhar,Katangidadar (B), KTR146,0,175,80.941944,22.242500
Supkhar,Katangidadar (B), KTR146,400,175,80.942278,22.238944
Supkhar,Katangidadar (B), KTR146,800,175,80.942611,22.235389
Supkhar,Katangidadar (B), KTR146,1200,175,80.942944,22.231833
Supkhar,Katangidadar (B), KTR146,1600,175,80.943278,22.228278
Supkhar,Katangidadar (B), KTR146,2000,175,80.943611,22.224722
Supkhar,Kurkuti (A), KTR121,0,173,80.901111,22.214167
Supkhar,Kurkuti (A), KTR121,400,173,80.901567,22.210522
Supkhar,Kurkuti (A), KTR121,800,173,80.902022,22.206878
Supkhar,Kurkuti (A), KTR121,1200,173,80.902478,22.203233
Supkhar,Kurkuti (A), KTR121,1600,173,80.902933,22.199589
Supkhar,Kurkuti (A), KTR121,2000,173,80.903389,22.195944
Supkhar,Kurkuti (B), KTR122,0,77,80.896411,22.183586
Supkhar,Kurkuti (B), KTR122,400,77,80.900236,22.184478
Supkhar,Kurkuti (B), KTR122,800,77,80.904058,22.185372
Supkhar,Kurkuti (B), KTR122,1200,77,80.907881,22.186264
Supkhar,Kurkuti (B), KTR122,1600,77,80.911703,22.187156
Supkhar,Kurkuti (B), KTR122,2000,77,80.915525,22.188047
Supkhar,Ladua, KTR130,0,157,80.948611,22.171944
Supkhar,Ladua, KTR130,400,157,80.950056,22.168611
Supkhar,Ladua, KTR130,800,157,80.951500,22.165278
Supkhar,Ladua, KTR130,1200,157,80.952944,22.161944
Supkhar,Ladua, KTR130,1600,157,80.954389,22.158611
Supkhar,Ladua, KTR130,2000,157,80.955833,22.155278
Supkhar,Linga (A), KTR147,0,28,81.031389,22.232778
Supkhar,Linga (A), KTR147,400,28,81.033167,22.236167
Supkhar,Linga (A), KTR147,800,28,81.034944,22.239556
Supkhar,Linga (A), KTR147,1200,28,81.036722,22.242944
Supkhar,Linga (A), KTR147,1600,28,81.038500,22.246333
Supkhar,Linga (A), KTR147,2000,28,81.040278,22.249722
Supkhar,Linga (B), KTR148,0,32,81.016794,22.247725
Supkhar,Linga (B), KTR148,400,32,81.018811,22.250919
Supkhar,Linga (B), KTR148,800,32,81.020831,22.254114
Supkhar,Linga (B), KTR148,1200,32,81.022850,22.257308
Supkhar,Linga (B), KTR148,1600,32,81.024867,22.260503
Supkhar,Linga (B), KTR148,2000,32,81.026886,22.263697
Supkhar,Lodhabarra (A), KTR135,0,297,80.986981,22.202500
Supkhar,Lodhabarra (A), KTR135,400,297,80.983419,22.204278
Supkhar,Lodhabarra (A), KTR135,800,297,80.979856,22.206056
Supkhar,Lodhabarra (A), KTR135,1200,297,80.976292,22.207833
Supkhar,Lodhabarra (A), KTR135,1600,297,80.972731,22.209611
Supkhar,Lodhabarra (A), KTR135,2000,297,80.969167,22.211389
Supkhar,Lodhabarra (B), KTR136,0,270,80.980947,22.226550
Supkhar,Lodhabarra (B), KTR136,400,270,80.977117,22.226567
Supkhar,Lodhabarra (B), KTR136,800,270,80.973286,22.226583
Supkhar,Lodhabarra (B), KTR136,1200,270,80.969456,22.226600
Supkhar,Lodhabarra (B), KTR136,1600,270,80.965625,22.226617
Supkhar,Lodhabarra (B), KTR136,2000,270,80.961794,22.226633
Supkhar,Otesarra (A), KTR119,0,171,80.915833,22.160556
Supkhar,Otesarra (A), KTR119,400,171,80.916444,22.156778
Supkhar,Otesarra (A), KTR119,800,171,80.917056,22.153000
Supkhar,Otesarra (A), KTR119,1200,171,80.917667,22.149222
Supkhar,Otesarra (A), KTR119,1600,171,80.918278,22.145444
Supkhar,Otesarra (A), KTR119,2000,171,80.918889,22.141667
Supkhar,Otesarra (B), KTR120,0,176,80.928333,22.158889
Supkhar,Otesarra (B), KTR120,400,176,80.928611,22.155278
Supkhar,Otesarra (B), KTR120,800,176,80.928889,22.151667
Supkhar,Otesarra (B), KTR120,1200,176,80.929167,22.148056
Supkhar,Otesarra (B), KTR120,1600,176,80.929444,22.144444
Supkhar,Otesarra (B), KTR120,2000,176,80.929722,22.140833
Supkhar,Patua (A), KTR123,0,266,80.953333,22.122778
Supkhar,Patua (A), KTR123,400,266,80.949389,22.122500
Supkhar,Patua (A), KTR123,800,266,80.945444,22.122222
Supkhar,Patua (A), KTR123,1200,266,80.941500,22.121944
Supkhar,Patua (A), KTR123,1600,266,80.937556,22.121667
Supkhar,Patua (A), KTR123,2000,266,80.933611,22.121389
Supkhar,Patua (B), KTR124,0,346,80.970967,22.104322
Supkhar,Patua (B), KTR124,400,346,80.970108,22.107847
Supkhar,Patua (B), KTR124,800,346,80.969247,22.111372
Supkhar,Patua (B), KTR124,1200,346,80.968386,22.114894
Supkhar,Patua (B), KTR124,1600,346,80.967528,22.118419
Supkhar,Patua (B), KTR124,2000,346,80.966667,22.121944
Supkhar,Ranwahi, KTR139,0,40,81.004683,22.141981
Supkhar,Ranwahi, KTR139,400,40,81.007064,22.144867
Supkhar,Ranwahi, KTR139,800,40,81.009442,22.147750
Supkhar,Ranwahi, KTR139,1200,40,81.011822,22.150633
Supkhar,Ranwahi, KTR139,1600,40,81.014200,22.153517
Supkhar,Ranwahi, KTR139,2000,40,81.016581,22.156403
Supkhar,Rol, KTR143,0,219,80.979444,22.262778
Supkhar,Rol, KTR143,400,219,80.977111,22.259944
Supkhar,Rol, KTR143,800,219,80.974778,22.257111
Supkhar,Rol, KTR143,1200,219,80.972444,22.254278
Supkhar,Rol, KTR143,1600,219,80.970111,22.251444
Supkhar,Rol, KTR143,2000,219,80.967778,22.248611
Supkhar,Sendurgutta (Jokpani), KTR118,0,116,80.924167,22.222583
Supkhar,Sendurgutta (Jokpani), KTR118,400,116,80.927667,22.220900
Supkhar,Sendurgutta (Jokpani), KTR118,800,116,80.931167,22.219217
Supkhar,Sendurgutta (Jokpani), KTR118,1200,116,80.934667,22.217533
Supkhar,Sendurgutta (Jokpani), KTR118,1600,116,80.938167,22.215850
Supkhar,Sendurgutta (Jokpani), KTR118,2000,116,80.941667,22.214167
Supkhar,Supkhar (A), KTR115,0,13,80.944722,22.190278
Supkhar,Supkhar (A), KTR115,400,13,80.945500,22.193778
Supkhar,Supkhar (A), KTR115,800,13,80.946278,22.197278
Supkhar,Supkhar (A), KTR115,1200,13,80.947056,22.200778
Supkhar,Supkhar (A), KTR115,1600,13,80.947833,22.204278
Supkhar,Supkhar (A), KTR115,2000,13,80.948611,22.207778
Supkhar,Supkhar (B), KTR140,0,50,80.950792,22.181283
Supkhar,Supkhar (B), KTR140,400,50,80.953656,22.183681
Supkhar,Supkhar (B), KTR140,800,50,80.956517,22.186081
Supkhar,Supkhar (B), KTR140,1200,50,80.959381,22.188478
Supkhar,Supkhar (B), KTR140,1600,50,80.962244,22.190875
Supkhar,Supkhar (B), KTR140,2000,50,80.965108,22.193275
Phen WLS,Babujhiria (A),KTR155,0,176.16,80.98760278,22.40383333
Phen WLS,Babujhiria (A),KTR155,400,,80.98784444,22.40025
Phen WLS,Babujhiria (A),KTR155,800,,80.98808333,22.39666667
Phen WLS,Babujhiria (A),KTR155,1200,,80.988325,22.39308333
Phen WLS,Babujhiria (A),KTR155,1600,,80.98856389,22.3895
Phen WLS,Babujhiria (A),KTR155,2000,,80.98880556,22.38591667
Phen WLS,Babujhiria (B),KTR156,2000,177,81.002,22.38230556
Phen WLS,Babujhiria (B),KTR156,1600,,81.00181389,22.38607222
Phen WLS,Babujhiria (B),KTR156,1200,,81.001625,22.38983889
Phen WLS,Babujhiria (B),KTR156,800,,81.00143889,22.39360556
Phen WLS,Babujhiria (B),KTR156,400,,81.00125,22.39736944
Phen WLS,Babujhiria (B),KTR156,0,,81.00106389,22.40113611
Phen WLS,Bamhnimatta,KTR157,0,145.33,81.02750278,22.39450278
Phen WLS,Bamhnimatta,KTR157,400,,81.02979722,22.39118611
Phen WLS,Bamhnimatta,KTR157,800,,81.03208889,22.38786944
Phen WLS,Bamhnimatta,KTR157,1200,,81.03438333,22.38455
Phen WLS,Bamhnimatta,KTR157,1600,,81.03667778,22.38123333
Phen WLS,Bamhnimatta,KTR157,2000,,81.03897222,22.37791667
Phen WLS,Jhurgidadar (A),KTR158,0,125.06,81.04950278,22.3631
Phen WLS,Jhurgidadar (A),KTR158,400,,81.05252222,22.36098056
Phen WLS,Jhurgidadar (A),KTR158,800,,81.05554167,22.35886111
Phen WLS,Jhurgidadar (A),KTR158,1200,,81.05856111,22.35674167
Phen WLS,Jhurgidadar (A),KTR158,1600,,81.06158056,22.35462222
Phen WLS,Jhurgidadar (A),KTR158,2000,,81.0646,22.35250278
Phen WLS,Boradah,KTR159,0,314.28,81.07108333,22.36544444
Phen WLS,Boradah,KTR159,400,,81.06835556,22.36810278
Phen WLS,Boradah,KTR159,800,,81.06563056,22.37076111
Phen WLS,Boradah,KTR159,1200,,81.06290278,22.37342222
Phen WLS,Boradah,KTR159,1600,,81.06017778,22.37608056
Phen WLS,Boradah,KTR159,2000,,81.05745,22.37873889
Phen WLS,Chhattarpakhna,KTR160,0,212.67,81.04775,22.41047778
Phen WLS,Chhattarpakhna,KTR160,400,,81.04577222,22.40739444
Phen WLS,Chhattarpakhna,KTR160,800,,81.04379444,22.40430833
Phen WLS,Chhattarpakhna,KTR160,1200,,81.04181667,22.401225
Phen WLS,Chhattarpakhna,KTR160,1600,,81.03983889,22.39813889
Phen WLS,Chhattarpakhna,KTR160,2000,,81.03786111,22.39505556
Phen WLS,Chuinala,KTR161,2000,202.07,80.97822222,22.40613611
Phen WLS,Chuinala,KTR161,1600,,80.97679167,22.40260556
Phen WLS,Chuinala,KTR161,1200,,80.97535833,22.399075
Phen WLS,Chuinala,KTR161,800,,80.97392778,22.39554444
Phen WLS,Chuinala,KTR161,400,,80.97249722,22.39201389
Phen WLS,Chuinala,KTR161,0,,80.97106667,22.38848333
Phen WLS,Gadawal,KTR162,0,161.99,81.02847778,22.37768056
Phen WLS,Gadawal,KTR162,400,,81.02957778,22.3743
Phen WLS,Gadawal,KTR162,800,,81.030675,22.37091944
Phen WLS,Gadawal,KTR162,1200,,81.031775,22.36753889
Phen WLS,Gadawal,KTR162,1600,,81.03287222,22.36415833
Phen WLS,Gadawal,KTR162,2000,,81.03397222,22.36077778
Phen WLS,Ghodapathra (A),KTR163,0,191.25,81.0894,22.35910833
Phen WLS,Ghodapathra (A),KTR163,400,,81.08873333,22.35575556
Phen WLS,Ghodapathra (A),KTR163,800,,81.08806667,22.35240556
Phen WLS,Ghodapathra (A),KTR163,1200,,81.0874,22.34905278
Phen WLS,Ghodapathra (A),KTR163,1600,,81.08673333,22.3457
Phen WLS,Ghodapathra (A),KTR163,2000,,81.08606667,22.34235
Phen WLS,Ghodapathra (B),KTR164,0,167.21,81.102425,22.37020278
Phen WLS,Ghodapathra (B),KTR164,400,,81.10324722,22.36658889
Phen WLS,Ghodapathra (B),KTR164,800,,81.10406667,22.36297778
Phen WLS,Ghodapathra (B),KTR164,1200,,81.10488611,22.35936389
Phen WLS,Ghodapathra (B),KTR164,1600,,81.10570833,22.35575278
Phen WLS,Ghodapathra (B),KTR164,2000,,81.10652778,22.35213889
Phen WLS,Jhurgidadar (B),KTR165,0,113.92,81.04756111,22.33996944
Phen WLS,Jhurgidadar (B),KTR165,400,,81.05125556,22.33833056
Phen WLS,Jhurgidadar (B),KTR165,800,,81.05494722,22.33669167
Phen WLS,Jhurgidadar (B),KTR165,1200,,81.05864167,22.33505556
Phen WLS,Jhurgidadar (B),KTR165,1600,,81.06233333,22.33341667
Phen WLS,Jhurgidadar (B),KTR165,2000,,81.06602778,22.33177778
Phen WLS,Neempani (A),KTR166,0,116.96,81.07080278,22.34470278
Phen WLS,Neempani (A),KTR166,400,,81.07414722,22.343
Phen WLS,Neempani (A),KTR166,800,,81.07749167,22.3413
Phen WLS,Neempani (A),KTR166,1200,,81.08083889,22.33959722
Phen WLS,Neempani (A),KTR166,1600,,81.08418333,22.33789722
Phen WLS,Neempani (A),KTR166,2000,,81.08752778,22.33619444
Phen WLS,Neempani (B),KTR167,0,68.99,81.09326667,22.33216667
Phen WLS,Neempani (B),KTR167,400,,81.09701667,22.33360833
Phen WLS,Neempani (B),KTR167,800,,81.10076944,22.33505
Phen WLS,Neempani (B),KTR167,1200,,81.10452222,22.33649167
Phen WLS,Neempani (B),KTR167,1600,,81.10827222,22.33793056
Phen WLS,Neempani (B),KTR167,2000,,81.112025,22.33937222
Phen WLS,Neosa (A),KTR168,0,264.49,80.9904,22.3771
Phen WLS,Neosa (A),KTR168,400,,80.98646111,22.37671944
Phen WLS,Neosa (A),KTR168,800,,80.98251944,22.37633889
Phen WLS,Neosa (A),KTR168,1200,,80.97858056,22.37596111
Phen WLS,Neosa (A),KTR168,1600,,80.97464167,22.37558056
Phen WLS,Neosa (A),KTR168,2000,,80.9707,22.3752
Phen WLS,Neosa (B),KTR169,0,109.15,80.96781667,22.35929444
Phen WLS,Neosa (B),KTR169,400,,80.97145833,22.35803056
Phen WLS,Neosa (B),KTR169,800,,80.97510278,22.35676667
Phen WLS,Neosa (B),KTR169,1200,,80.97874444,22.3555
Phen WLS,Neosa (B),KTR169,1600,,80.98238611,22.35423611
Phen WLS,Neosa (B),KTR169,2000,,80.98602778,22.35297222
Phen WLS,Sadma (A),KTR170,2000,159.11,80.995,22.36805556
Phen WLS,Sadma (A),KTR170,1600,,80.99633056,22.36457222
Phen WLS,Sadma (A),KTR170,1200,,80.99766111,22.36108611
Phen WLS,Sadma (A),KTR170,800,,80.99898889,22.35760278
Phen WLS,Sadma (A),KTR170,400,,81.00031944,22.35411667
Phen WLS,Sadma (A),KTR170,0,,81.00165,22.35063333
Phen WLS,Sadma (B),KTR171,2000,187.13,81.00858333,22.37727778
Phen WLS,Sadma (B),KTR171,1600,,81.00813333,22.37367778
Phen WLS,Sadma (B),KTR171,1200,,81.00768333,22.37007778
Phen WLS,Sadma (B),KTR171,800,,81.00723333,22.36647778
Phen WLS,Sadma (B),KTR171,400,,81.00678333,22.36287778
Phen WLS,Sadma (B),KTR171,0,,81.00633333,22.35927778
Phen WLS,Sajalagan (A),KTR172,0,219.5,81.09888333,22.388275
Phen WLS,Sajalagan (A),KTR172,400,,81.09651667,22.38540278
Phen WLS,Sajalagan (A),KTR172,800,,81.09415,22.38253333
Phen WLS,Sajalagan (A),KTR172,1200,,81.09178611,22.37966389
Phen WLS,Sajalagan (A),KTR172,1600,,81.08941944,22.37679444
Phen WLS,Sajalagan (A),KTR172,2000,,81.08705278,22.373925
Phen WLS,Sajalagan (B),KTR173,0,150.72,81.065225,22.39873889
Phen WLS,Sajalagan (B),KTR173,400,,81.06718611,22.39524167
Phen WLS,Sajalagan (B),KTR173,800,,81.06914722,22.39174444
Phen WLS,Sajalagan (B),KTR173,1200,,81.07110833,22.38824722
Phen WLS,Sajalagan (B),KTR173,1600,,81.07306944,22.38475
Phen WLS,Sajalagan (B),KTR173,2000,,81.07503056,22.38125278
